instruction,category
"I have to file my taxes Nonbank, how can I do it?",Nonbank
"I have to set up a new email account Nonbank, how can I do it?",Nonbank
"I have to register for an online course Nonbank, how can I do it?",Nonbank
"I have to apply for a job Nonbank, how can I do it?",Nonbank
"I have to connect to a Wi-Fi network Nonbank, how can I do it?",Nonbank
"I have to create a website Nonbank, how can I do it?",Nonbank
"I have to fix a technical issue Nonbank, how can I do it?",Nonbank
"I have to create a website Nonbank, how can I do it?",Nonbank
"I have to create a website Nonbank, how can I do it?",Nonbank
"I have to update my profile information Nonbank, how can I do it?",Nonbank
"I have to update my profile information Nonbank, how can I do it?",Nonbank
"I have to apply for a job Nonbank, how can I do it?",Nonbank
"I have to apply for a job Nonbank, how can I do it?",Nonbank
"I have to find a lost item Nonbank, how can I do it?",Nonbank
"I have to pay my bills online Nonbank, how can I do it?",Nonbank
"I have to update my profile information Nonbank, how can I do it?",Nonbank
"I have to learn a new language Nonbank, how can I do it?",Nonbank
"I have to find a lost item Nonbank, how can I do it?",Nonbank
"I have to cancel a subscription Nonbank, how can I do it?",Nonbank
"I have to download a file Nonbank, how can I do it?",Nonbank
"I have to register for an online course Nonbank, how can I do it?",Nonbank
"I have to book a hotel Nonbank, how can I do it?",Nonbank
"I have to connect to a Wi-Fi network Nonbank, how can I do it?",Nonbank
"I have to upgrade my device Nonbank, how can I do it?",Nonbank
"I have to set up a new email account Nonbank, how can I do it?",Nonbank
"I have to book a hotel Nonbank, how can I do it?",Nonbank
"I have to install a software program Nonbank, how can I do it?",Nonbank
"I have to find a lost item Nonbank, how can I do it?",Nonbank
"I have to schedule a meeting Nonbank, how can I do it?",Nonbank
"I have to file my taxes Nonbank, how can I do it?",Nonbank
"I have to cancel a subscription Nonbank, how can I do it?",Nonbank
"I have to book a hotel Nonbank, how can I do it?",Nonbank
"I have to download a file Nonbank, how can I do it?",Nonbank
"I have to book a flight ticket Nonbank, how can I do it?",Nonbank
"I have to install a software program Nonbank, how can I do it?",Nonbank
"I have to schedule a meeting Nonbank, how can I do it?",Nonbank
"I have to cancel a subscription Nonbank, how can I do it?",Nonbank
"I have to apply for a job Nonbank, how can I do it?",Nonbank
"I have to change my phone plan Nonbank, how can I do it?",Nonbank
"I have to create a website Nonbank, how can I do it?",Nonbank
"I have to set up a new email account Nonbank, how can I do it?",Nonbank
"I have to create a website Nonbank, how can I do it?",Nonbank
"I have to pay my bills online Nonbank, how can I do it?",Nonbank
"I have to find a lost item Nonbank, how can I do it?",Nonbank
"I have to upgrade my device Nonbank, how can I do it?",Nonbank
"I have to register for an online course Nonbank, how can I do it?",Nonbank
"I have to schedule a meeting Nonbank, how can I do it?",Nonbank
"I have to book a flight ticket Nonbank, how can I do it?",Nonbank
"I have to fix a technical issue Nonbank, how can I do it?",Nonbank
"I have to book a flight ticket Nonbank, how can I do it?",Nonbank
"I have to fix a technical issue Nonbank, how can I do it?",Nonbank
"I have to upgrade my device Nonbank, how can I do it?",Nonbank
"I have to install a software program Nonbank, how can I do it?",Nonbank
"I have to cancel a subscription Nonbank, how can I do it?",Nonbank
"I have to pay my bills online Nonbank, how can I do it?",Nonbank
"I have to schedule a meeting Nonbank, how can I do it?",Nonbank
"I have to fix a technical issue Nonbank, how can I do it?",Nonbank
"I have to download a file Nonbank, how can I do it?",Nonbank
"I have to set up a new email account Nonbank, how can I do it?",Nonbank
"I have to create a website Nonbank, how can I do it?",Nonbank
"I have to connect to a Wi-Fi network Nonbank, how can I do it?",Nonbank
"I have to register for an online course Nonbank, how can I do it?",Nonbank
"I have to connect to a Wi-Fi network Nonbank, how can I do it?",Nonbank
"I have to pay my bills online Nonbank, how can I do it?",Nonbank
"I have to connect to a Wi-Fi network Nonbank, how can I do it?",Nonbank
"I have to apply for a job Nonbank, how can I do it?",Nonbank
"I have to learn a new language Nonbank, how can I do it?",Nonbank
"I have to track my order Nonbank, how can I do it?",Nonbank
"I have to create a website Nonbank, how can I do it?",Nonbank
"I have to schedule a meeting Nonbank, how can I do it?",Nonbank
"I have to create a website Nonbank, how can I do it?",Nonbank
"I have to register for an online course Nonbank, how can I do it?",Nonbank
"I have to update my profile information Nonbank, how can I do it?",Nonbank
"I have to schedule a meeting Nonbank, how can I do it?",Nonbank
"I have to set up a new email account Nonbank, how can I do it?",Nonbank
"I have to learn a new language Nonbank, how can I do it?",Nonbank
"I have to learn a new language Nonbank, how can I do it?",Nonbank
"I have to upgrade my device Nonbank, how can I do it?",Nonbank
"I have to pay my bills online Nonbank, how can I do it?",Nonbank
"I have to update my profile information Nonbank, how can I do it?",Nonbank
"I have to find a lost item Nonbank, how can I do it?",Nonbank
"I have to learn a new language Nonbank, how can I do it?",Nonbank
"I have to fix a technical issue Nonbank, how can I do it?",Nonbank
"I have to schedule a meeting Nonbank, how can I do it?",Nonbank
"I have to track my order Nonbank, how can I do it?",Nonbank
"I have to pay my bills online Nonbank, how can I do it?",Nonbank
"I have to find a lost item Nonbank, how can I do it?",Nonbank
"I have to book a flight ticket Nonbank, how can I do it?",Nonbank
"I have to book a flight ticket Nonbank, how can I do it?",Nonbank
"I have to cancel a subscription Nonbank, how can I do it?",Nonbank
"I have to pay my bills online Nonbank, how can I do it?",Nonbank
"I have to schedule a meeting Nonbank, how can I do it?",Nonbank
"I have to update my profile information Nonbank, how can I do it?",Nonbank
"I have to connect to a Wi-Fi network Nonbank, how can I do it?",Nonbank
"I have to create a website Nonbank, how can I do it?",Nonbank
"I have to book a flight ticket Nonbank, how can I do it?",Nonbank
"I have to cancel a subscription Nonbank, how can I do it?",Nonbank
"I have to set up a new email account Nonbank, how can I do it?",Nonbank
"I have to learn a new language Nonbank, how can I do it?",Nonbank
"I have to pay my bills online Nonbank, how can I do it?",Nonbank
